<?xml version="1.0" encoding="UTF-8" ?>
<configuration>
    <!-- 1800: org.bluetooth.service.generic_access -->
    <service uuid="1800" id="s_generic_access">
        <description>Generic Access</description>

        <!-- 2A00: org.bluetooth.characteristic.gap.device_name -->
        <characteristic uuid="2A00" id="c_device_name">
            <description>Device Name</description>
            <properties read="true" const="true" />
            <value>NexAware Bed Scale</value>
        </characteristic>

        <!-- 2A01: org.bluetooth.characteristic.gap.appearance -->
        <characteristic uuid="2A01" id="c_appearance">
            <description>Appearance</description>
            <properties read="true" const="true" />
            <!-- Generic device, Generic category -->
            <value type="hex">0000</value>
         </characteristic>
    </service>

	<!-- device read-only info (versions, etc) -->
	<service uuid="180a" id="s_device_info">
		<description>Device Information</description>
		<characteristic uuid="2a29" id="c_manufacturer">
			<description>Manufacturer Name String</description>
			<properties read="true" const="true"/>
			<value>NexAware</value>
		</characteristic>
		<characteristic uuid="2a24" id="c_model">
			<description>Model Number String</description>
			<properties read="true" const="true"/>
			<value>NS-UB1000-1a</value>
		</characteristic>
		<!-- Serial number is retrieved from EEPROM -->
		<characteristic uuid="2a25" id="gatt_scale_serial_id">
			<description>Serial Number String</description>
			<properties read="true" />
			<value length="8" type="user" />
		</characteristic>
		<!-- Firmware comes from the software build e.g., "00.00.00" -->
		<characteristic uuid="2a26" id="gatt_firmware_version">
			<description>Firmware Revision String</description>
			<properties read="true" />
			<value length="8" type="user" />
		</characteristic>
		
		
		
		
	</service>
	
	<!-- @todo - advanced option - update calibration in the field? -->
	
	
    <!-- NexAware custom service for Bed Scale Puck -->
    <service uuid="9cd75cbf-1d71-4c51-9bca-60467ae9bc96" advertise="true">
        <description>NexAware Bed Scale Puck</description>
		<include id="s_generic_access"></include>
		
		<characteristic uuid="2A98" id="gatt_weight_time">
			<description>Weight and Time</description>
			<properties read="true" />
			<value length="10" type="user" /> <!-- @todo - change length to proper value? -->
		</characteristic>
		
		<characteristic uuid="2a23" id="gatt_system_info">
			<description>System Info</description>
			<properties read="true" write="true"/>
			<value length="16" type="user" />
		</characteristic>
		
		<!-- The calibration table <= 220Bytes -->
		<characteristic uuid="2a4b" id="gatt_cal_report">
			<description>Calibration Table</description>
			<properties read="true" />
			<value type="user" />
		</characteristic>
		<!-- MSS - TODO - change/confirm the uuids used below. THey may need a different number -->
		<!-- The sensor 1 calibration table <= 220Bytes -->
		<!--<characteristic uuid="fd4d23c4-3f08-492c-873d-012cbcf284a3" id="gatt_cal_report_sensor1"> -->
		<characteristic uuid="abc1" id="gatt_cal_report_sensor1">
			<description>Calibration Table Sensor 1</description>
			<properties read="true" />
			<value type="user" />
		</characteristic>
		
		<!-- The sensor 2 calibration table <= 220Bytes -->
		<characteristic uuid="abc2" id="gatt_cal_report_sensor2">
		<description>Calibration Table Sensor 2</description>
			<properties read="true" />
			<value type="user" />
		</characteristic>
		
		<!-- The sensor 3 calibration table <= 220Bytes -->
		<characteristic uuid="abc3" id="gatt_cal_report_sensor3">
		<description>Calibration Table Sensor 3</description>
			<properties read="true" />
			<value type="user" />
		</characteristic>
		
		<!-- The sensor 4 calibration table <= 220Bytes -->
		<characteristic uuid="abc4" id="gatt_cal_report_sensor4">
			<description>Calibration Table Sensor 4</description>
			<properties read="true" />
			<value type="user" />
		</characteristic>
		
		<!-- This is the RSSI reported by the puck. 2's complement -->
		<!-- Value of 0x80 is the BLE's saturation level of -38dBm -->
		<!-- Value's of 0x80..0xff correspond to levels of (-38..-103)dBm -->
		<!-- Link Loss can be calculated as the (DP's TX Power) + (Puck's RSSI) -->
		<characteristic uuid="2a4d" id="gatt_rssi">
			<description>RSSI at Puck</description>
			<properties read="true" />
			<value length="1" type="user" />
		</characteristic>
		
		<!-- TX Power is an sint8, 0x14=20dBm, 0x01=1dBm 0xFF=-1dBm 0xF0=-16dBm -->
		<characteristic uuid="2a07" id="gatt_txpower">
			<description>Tx Power dBm</description>
			<properties read="true" write="true" />
			<value length="1" type="user" />
		</characteristic>
		
        <characteristic uuid="2a19" id="gatt_battery">
			<description>Battery %</description>
            <properties read="true" />
            <value length="1" type="user"/>
        </characteristic>
		
		<characteristic uuid="2a4f" id="gatt_scan_interval">
			<description>Scan Interval Window</description>
			<properties read="true" write_no_response="true" />
			<value length="2" type="user" />
		</characteristic>
		
		<characteristic uuid="2a24" id="c_model">
			<description>Model Number String</description>
			<properties read="true" const="true"/>
			<value>NS-UB1000-1a</value>
		</characteristic>
		
		<!-- Serial number is retrieved from EEPROM -->
		<characteristic uuid="2a25" id="gatt_scale_serial_id">
			<description>Scale Serial ID</description>
			<properties read="true" />
			<value length="8" type="user" />
		</characteristic>
		
		<!-- Firmware comes from the software build e.g., "00.00.00" -->
		<characteristic uuid="2a26" id="gatt_firmware_version">
			<description>Firmware Revision</description>
			<properties read="true" />
			<value length="8" type="user" />
		</characteristic>
		
    </service>
</configuration>