<?xml version="1.0" encoding="UTF-8" ?>
<hardware>
	<!-- we have an extern 32.768KHz for sleep mode wakeup -->
    <sleeposc enable="true" ppm="50" />
	<!-- no USB on BLE113 -->
    <usb enable="false" />
	<!-- BLE113 max power is 14=0dBm; approx -2dB per step; 0=-28dBm -->
    <txpower power="14" bias="5" />
	<!-- using BGScript -->
    <script enable="true" />
	<!-- goto sleep between transmits. Will wakeup for
	     advertising timeout, connection timeout, or soft timer -->
	<sleep enable="true" max_mode="2" />
	<!-- slow CPU in-half while BLE is transmitting -->
    <!-- slow_clock enable="true" /> -->
	<!-- a wakeup pin can be defined as an external interrupt that brings the
	     device out of deep sleep states. Generally used by external host. -->
	<wakeup_pin enable="false" />
	<!-- host_wakeup allows the BLE to wake up the host CPU. Not using this. -->
	<host_wakeup_pin enable="false" />

	<!-- enable uart 1 for debug printf's on dev board -->
	<!-- <usart channel="1" alternate="1" baud="57600" stopbits="1" endpoint="none" flow="true"/> -->
	<!-- enable uart 1 for debug printf's on production board -->
	<usart channel="1" alternate="1" baud="57600" stopbits="1" endpoint="none" flow="true"/>

	<!-- @todo - remove pmux if using AA batteries with no DC-DC -->
	<!-- pmux regulator_pin="7" / -->
	
    <port index="0" tristatemask="0" pull="down" />
    <port index="1" tristatemask="0" pull="down" />
    <port index="2" tristatemask="0" pull="down" />
    <uartboot channel="1" />
</hardware>
